{"cameraMode":{"drawMode":0,"name":"Shaded","section":"Shading Mode"},"sceneLighting":true,"audioPlay":false,"sceneViewState":{"m_AlwaysRefresh":false,"showFog":true,"showSkybox":true,"showFlares":true,"showImageEffects":true,"showParticleSystems":true,"showVisualEffectGraphs":true,"m_FxEnabled":true},"in2DMode":false,"pivot":{"x":0.7988560199737549,"y":-0.6280953884124756,"z":-1.2953522205352784},"rotation":{"x":-0.12315788865089417,"y":-0.2939111888408661,"z":0.03821517527103424,"w":-0.9470991492271423},"size":1.071136474609375,"orthographic":true}